4068.2,
4106.08,
4294.48,
4073.5,
4244.01,
4100.08,
4094.31,
4128.63,
4060.45,
3992.92,
4055.74,
3974.35,
4063.84,
4067.88,
4175.84,
4144.24,
4089.7,
4093.87,
4054.02,
4133.38,
4021.4,
4073.43,
4096.2,
4048.74,
4074.65,
4156.02,
4150.86,
4036.55,
4110.07,
4115.66,
3979.22,
3971.67,
4096.07,
4179.4,
4114.09,
4089.65,
4127.78,
3994.32,
4145.27,
4176.8,
4108.22,
4101.13,
3990.52,
4135.14,
4151.87,
4060.48,
4174.46,
4022.91,
4148.8,
4084.68,
4139.35,
4149.16,
4067.23,
4096.14,
4097.49,
4055.76,
4165.4,
4110.5,
4067.42,
4060.13,
4087.57,
4051.17,
4130.21,
4012.73,
4071.97,
4144.77,
4227.08,
4076.79,
4122.07,
4089.18,
3962.01,
4057.68,
4087.59,
4136.19,
4137.34,
4076.26,
4095.83,
4131.2,
4124.99,
4132.25,
4122.95,
4077.06,
4075.54,
4041.62,
4148.28,
4083.33,
4025.66,
4126.59,
4127.88,
4166.68,
4108.79,
4084.5,
4125.49,
4079.45,
4150,
4045.07,
4181.64,
4068.07,
4062.45,
4012.73,
4076.53,
4144.13,
4143.61,
4109.86,
4112.59,
4102.97,
4023.07,
4128.85,
3983.81,
4101.93,
4189.09,
4192.38,
4121.1,
4114.13,
4135.53,
4103.56,
4027.68,
4096.4,
4044.52,
4116.43,
4132.59,
4129.99,
4013.65,
4179.15,
4115.9,
4090.13,
4034.91,
4123.41,
4031.54,
4173.87,
4135.76,
4160.72,
4169.11,
4059.35,
4045.76,
4154.78,
4084.2,
4066.02,
4098.59,
4041.9,
4107.16,
4062.57,
4059.81,
4059.38,
4034.69,
4049.98,
4102.67,
4099.96,
4073.99,
4054.29,
4091.92,
4087,
4124.17,
4004.85,
4078.23,
4055.98,
4077.41,
4072.52,
4081.17,
4127.79,
4038.67,
4170.01,
4121.86,
4165.71,
4107.15,
4048.21,
4056.23,
4070.62,
4107.98,
4167.09,
4010.21,
4103.48,
4159.6,
4132.54,
4167.89,
4004.54,
4159.9,
4061.13,
4110.33,
4086.13,
4103.93,
4018.06,
4076.15,
4136.15,
4201.3,
4156.71,
4186.92,
4058.03,
4180.8,
4172.8,
4113.93,
4143.98,
4042.9,
4169.73,
4164.32,
4044.58,
4106.22,
3997.48,
4151.31,
4052.74,
4029.75,
4134.22,
3998.86,
4038.17,
4130.09,
4132.51,
4087.79,
4050.78,
4117.32,
4052.49,
4100.19,
4017.37,
4103.01,
4024.77,
4133.27,
4075.36,
4068.69,
4076.27,
4090.08,
4051.12,
4092.79,
3981.9,
4085.88,
4092.27,
4043.47,
4088.15,
4055.62,
4121.75,
4137.36,
4097.32,
4151.04,
4115.15,
4044.97,
4152.62,
4120.28,
3977.72,
4090.44,
4106.09,
4100.38,
4190.77,
4041.95,
4059.3,
4116.98,
4061.04,
4171.49,
4030.93,
4075.22,
4026.82,
4043.24,
4048.34,
4127.1,
4116.15,
4071.56,
4134.5,
4089.67,
4085.64,
4062.99,
4064.04,
4144.23,
4105.89,
4080.89,
4103.09,
4081.23,
4033.5,
4061.71,
4093.86,
4095.27,
4098.98,
4103.88,
4044.21,
4153.07,
4092.88,
4047.11,
4084.17,
4059.01,
4125.34,
4101.28,
4047.66,
4067.87,
4015.16,
4082.43,
4095.91,
4128.24,
4081.81,
4010.61,
4126.77,
4034.18,
4105.89,
4050.17,
4043.88,
4023.07,
4067.01,
4088.99,
4094.05,
4204.75,
4057.09,
4077.62,
4198.19,
4079.91,
4055.32,
4027.17,
4135.79,
4129.67,
4111.97,
4064.13,
4192.49,
4127.76,
4150.51,
4104.04,
4079.73,
4107.62,
4062.63,
4099.42,
4225.95,
4090.39,
4070.38,
4117.79,
4179.98,
4182.36,
4207.52,
4153.62,
4077.08,
4033.44,
4095.42,
4135.56,
4127.81,
4085.49,
4043.56,
4127.04,
4115.49,
4094.02,
4044.36,
4013.31,
4072.53,
4085.76,
4157.64,
4131.09,
4146.09,
4065.63,
4101.08,
4153.7,
4120.25,
4108.81,
4176.55,
4149,
4123.96,
4144.7,
4099.26,
4104.44,
4173.47,
4110.58,
4095.97,
4147.78,
3977.82,
4022.62,
4112.93,
4094.39,
4118.42,
4023.99,
4103.43,
4154.12,
4131.1,
4110.83,
4215.81,
4001.04,
4049.26,
4114.13,
4142.56,
4108.98,
4001.16,
4124.69,
4073.93,
4042.93,
4007.62,
4120.38,
4089.2,
4081.12,
4143.86,
4068.25,
4042.65,
4072.19,
4085.05,
4103.05,
4082.32,
4089.51,
4146.1,
4011.76,
4037.18,
4032.74,
4217.63,
4079.28,
4118.07,
4017.42,
4122.66,
4160.65,
4039.08,
4165.66,
4109.37,
4040.83,
4066.02,
4110.36,
4141.7,
4072.29,
4026.31,
4108.55,
4017.19,
4134.26,
4050.99,
4111.69,
4166.43,
4136.98,
4090.44,
4028.88,
4052.5,
4169.09,
4122.85,
4108.39,
4067.31,
4080.28,
4111.99,
4042.07,
4089.48,
4105.07,
4093.12,
4122.29,
4057.21,
4116.52,
4059.02,
4126.44,
4131.08,
4025.72,
4164.76,
4083.6,
4065.74,
4067.59,
4065.26,
4103.22,
4017.95,
4059.51,
4118.03,
4058.7,
4150.09,
4066.65,
4091.56,
4127.34,
4172.29,
4141.45,
4100.32,
4137.28,
4085,
4141.23,
4110.14,
4121.01,
4096.52,
4197.21,
4157.8,
4068.97,
4044.23,
4117.09,
4066.19,
4115.55,
4129.08,
4043.49,
4135.35,
4122.09,
4122.96,
4195.23,
4048.11,
4032.04,
4097.69,
4165.95,
4031.53,
4066.4,
4110.03,
4096.87,
4057.28,
4069.73,
4106.49,
4043.07,
4146.21,
4161.43,
4111.12,
4113.62,
4022.49,
4057.8,
4107.51,
4128.41,
4099.83,
4035.33,
4173.41,
4119.74,
4162.78,
4096.39,
4037,
4095.93,
4039.81,
4157.83,
4075.65,
4019.65,
4130.83,
4100.62,
4130.06,
4107.38,
4100.64,
4119.52,
4147.12,
4121.71,
4075.72,
4048.76,
4143.25,
4140.72,
4118.24,
4104.58,
4069.28,
4167.19,
4066.15,
4103.14,
3979.35,
4068.13,
4122.66,
4086.8,
4038.18,
4063.93,
4112.6,
3994.89,
4060.06,
4023.23,
4151.94,
4156.62,
4062.32,
4114.9,
4106.42,
4134.71,
4087.89,
4075.56,
4135.05,
4090.97,
3997.87,
4098.39,
4022.73,
4126.69,
4116.55,
4105.64,
4117.15,
4048.75,
4125.78,
4012.77,
4155.47,
4115.78,
4088.72,
4129.07,
4070.44,
4095.59,
4111.33,
4196.36,
4039.14,
4244.56,
4084.05,
4131.78,
4140.17,
4100.27,
4110.09,
4117.3,
4054.9,
4018.81,
4103.99,
4007.81,
4059.73,
4133.94,
4143.23,
4111.12,
4119.29,
4057.8,
3973.28,
4077.14,
4074.83,
4098.58,
4092.46,
4106.85,
4042.96,
4157.48,
4121.85,
4136.67,
4055.16,
4235.35,
4117.02,
4056.48,
4113.22,
4106.16,
4152.03,
4066.64,
4157.54,
4026.38,
4100.83,
4129.22,
4027.41,
4030.78,
4033.26,
4069.03,
4090.04,
4182.58,
4114.05,
4053.1,
4125.56,
4060.01,
4163.66,
4046.85,
4077.51,
4047.47,
4126.54,
4085.97,
4090.3,
4083.08,
4068.48,
4114.06,
4073.62,
4149.48,
4065.17,
4077.78,
4146.01,
4030.62,
4091.46,
4006.18,
4136.22,
4071.61,
4161.11,
4167.19,
4030.95,
4069.34,
4138.58,
4155.96,
4027.9,
4173.37,
4136.99,
4176.81,
4098.17,
4138.22,
4089.56,
4157.22,
4124.07,
4106.7,
4057.9,
4039.23,
4149.81,
4078.21,
4058.67,
4084.77,
4075.14,
4108.97,
4147.49,
4156.71,
4086.81,
4049.48,
4068.41,
4033.88,
4018.15,
4068.77,
4084.13,
4218.56,
4070.19,
4069.09,
4149.8,
4128.61,
4086.22,
4096.65,
4135.58,
4041.28,
4089.78,
4030.97,
4161.12,
4026.84,
4038.8,
4042.07,
4195.66,
4035.29,
4031.67,
4080.65,
4035.59,
4104.1,
4199.69,
4037.86,
4092.34,
4149.5,
4177.67,
4147.32,
4040.48,
4035.04,
4138.82,
4040.12,
4030.62,
4074.47,
4113.49,
4016.33,
4061.4,
4130.02,
4152.1,
4065.7,
4072,
4187.17,
4070.86,
4075.41,
4044.02,
4150.35,
4073.32,
4056.17,
4056.47,
4048.67,
4046.4,
4057.6,
3991.14,
4151.47,
4158.49,
4082.9,
4053.06,
4079.93,
4036.5,
4167.64,
4180.08,
4029.89,
4140.27,
3972.73,
4100.77,
4200.13,
4004.53,
4198.94,
4096.32,
4088.19,
4032.11,
4120.42,
4076.46,
4118.96,
4059.02,
4017.36,
4142.83,
4077.64,
4061.88,
4107.35,
4018.49,
4084.33,
4033.76,
4112.84,
4106.28,
4129.72,
4122.63,
4137.27,
4057.86,
4035.69,
4133,
4098.61,
4126.38,
4138.31,
4094.17,
4140.71,
4144.68,
4105.03,
4191.01,
4102.04,
4141.64,
4151.27,
4102.91,
4103.1,
4136.54,
4093.06,
4045.43,
4032.22,
3994.55,
4075.12,
4107.9,
4016.62,
4078.35,
4118.28,
4069.54,
4107.57,
4037.16,
4000.94,
4064.28,
4123.3,
4060.17,
3914.63,
4066.03,
4128.03,
4118.03,
4024.1,
4082.78,
4110.6,
4139.16,
4192.87,
4081.43,
4113.71,
4130.53,
4095.29,
4143.6,
4053.44,
4160.58,
4127.44,
4153.4,
4090.16,
4195.5,
4088.94,
4097.94,
4158.13,
4056.35,
4129.88,
4160.27,
4051.98,
4089.19,
4053.44,
4095.08,
4055.09,
4098.41,
4168.11,
4024.52,
4031.26,
4124.73,
4078.12,
4108.09,
4089.35,
4119.52,
4073.76,
4056.93,
3973.6,
4221.01,
4106.44,
4050.98,
4039.13,
4037.76,
4029.68,
4107.06,
4038.3,
4072.7,
4090.98,
4133.67,
4153.67,
4039.89,
4102.14,
4061.17,
4151.45,
4184.79,
4181.02,
4053.7,
4077.87,
4141.07,
4085.54,
4076.41,
3990.44,
4160.28,
4126.27,
4050.5,
4143.09,
4141.77,
4097.6,
4085.55,
4043.89,
4156.03,
4079.5,
4017.32,
4087.05,
4129.38,
4141.83,
4088.78,
4079.94,
4087.54,
4099.67,
4001.75,
4128.07,
4008.63,
4075.11,
4079.58,
3992.3,
4099.98,
4114.38,
4065.75,
4098.47,
4033.67,
4102.48,
4137.98,
4047.79,
4160.33,
4089.76,
4209.32,
4145.92,
4059.31,
4168.93,
4071.66,
3988.44,
4154.21,
4075.05,
3999.49,
4068.3,
4048.52,
4122.39,
4168.24,
4070.41,
4084.29,
4049.55,
4053.7,
4064.72,
4179.07,
4056.74,
4097.61,
4162.16,
4230.47,
4043.73,
4069.92,
4061.36,
4110.19,
4113.44,
4092.4,
4141.24,
4016.52,
4055.72,
4157.88,
4166.94,
3991.04,
4113.7,
4100.75,
4113.2,
4004.11,
4185.75,
4167.7,
4119.79,
4159.91,
4065.29,
4071.4,
4071.16,
4074.34,
4028.84,
4018.54,
3987.86,
4065.28,
4119.7,
4168.87,
4112.73,
4119.82,
4123.38,
4047.83,
4135.77,
4080.84,
4094.41,
4056.75,
4124.62,
4104.75,
4064.18,
4052.02,
4165.67,
4085.97,
4091.25,
4064.11,
4018.97,
4121.67,
4101.96,
3986.42,
4037.86,
4235,
4118.11,
4069.35,
4119.47,
4023.53,
4141.26,
4045.47,
4097.35,
4070.77,
3986.68,
4120.54,
4022.01,
4073.06,
4114.63,
4105.06,
4207.02,
4089.12,
4069.82,
4124.1,
4069.61,
4051.92,
4082.15,
4100.68,
4052.91,
3985.66,
4113.24,
3972.09,
4073.51,
3935.25,
4143.19,
4069.21,
4055.29,
4109.16,
4097.65,
4061.48,
4100.22,
4166.18,
4114.53,
4076.66,
4063.24,
4057.68,
4095.18,
4097.77,
4147.01,
4098.66,
4110.99,
4054.35,
4134.56,
4097.77,
4024.23,
4080.82,
4154.68,
4136.85,
4037.39,
4069.98,
4060.65,
4145.69,
4026.46,
4023.82,
4068.95,
4020.17,
4091.93,
4076.49,
4135.23,
4151.39,
4133.24,
4108.69,
4094.62,
4053.93,
4094.62,
4085.13,
4075.81,
4043.27,
4114.98,
4106.34,
4065.32,
4038.95,
4052.89,
4187.8,
4037.04,
4051.14,
4000.63,
4101.31,
4020.94,
4070.47,
4117.68,
4063.36,
4109.23,
4054.86,
4084.1,
4104.65,
4057.77,
4094.81,
4123.21,
4076.64,
4063.65,
4198.86,
4132.81,
3990.26,
4080.05,
4086.29,
4017.98,
4180.58,
4129.06,
4043.46,
4057.14,
4104.21,
4149.69,
4099.2,
4158.62,
4070.28,
4175.1,
4109.63,
4082.96,
4166.05,
4127.08,
4150.8,
4088.7,
4101.79,
4077.18,
4018.22,
4201.02,
4133.43,
4051.65,
4046.16,
4160.6,
4097.29,
4188.84,
4160.11,
4033.17,
4073,
4103.74,
4143.74,
4052.67,
4110.31,
4134.14,
4121.36,
4103.53,
4021.32,
4075.64,
4118.71,
4094.89,
4060.55,
4121.63,
4043.65,
4218.62,
4092.08,
4060.42,
4201.78,
4138.16,
4069.29,
4105.37,
4066.06,
4087.08,
4147.91,
4169.11,
4089.76,
4122.6,
4135.71,
4223.57,
4087.51,
4078.69,
4093.14,
4034.82,
4151.27,
4127.76,
4034.83,
4085.96,
4039.03,
4168.97,
4044.84,
4154.04,
4167.08,
4171.59,
3988.46,
4091.5,
4191.4,
4043.79,
4160.29,
4038.42,
3957.57,
4040.8,
4066.61,
4101.45,
4068.68,
4217.31,
4181.06,
4085.04,
4189.3,
4148.09,
4073.55,
4084.35,
4111.92,
4013.36,
4138.24,
4121.08,
4136.34,
4167.19,
4147.07,
4100.61,
4091.5,
4181.36,
4082.12,
4125.83,
4155.77,
4031.34,
4078.26,
4122.18,
4065.63,
4126.07,
4090.18,
4136.21,
4124.18,
4072.23,
4067.99,
4130.51,
4049.46,
4046.83,
4048.93,
4049.34,
4048.83,
4102.36,
4143.59,
4066.98,
4096.78,
4083.19,
4083.41,
4080.83,
4062.96,
4097.75,
4160.34,
4036.58,
4084.77,
4119.7,
4132.42,
4142.93,
4121.36,
4125.08,
4140.58,
4061.93,
4129.67,
4045.86,
4049.82,
4157.42,
4048.26,
4063.43,
4053.3,
4008.48,
4183.1,
4080.33,
4118.3,
4048.68,
4037.85,
4026.77,
4016.89,
4197.06,
4097.8,
4107.43,
4144.93,
4115.52,
4144.8,
4168.81,
4150.19,
4097.85,
4221.8,
4121.01,
4030.31,
4150.71,
4079.49,
4143.95,
4021.45,
4138.21,
4019.78,
4095.65,
4088.58,
4073.92,
4123.89,
4121.09,
4102.34,
3978.28,
4119.34,
4151.02,
4183.06,
4036.7,
4073.46,
4054.45,
4147.89,
4170.18,
4047.08,
4112.68,
4097.15,
4134.99,
4035.98,
4050.33,
4076.33,
4093.95,
4178.58,
4155.56,
4113.88,
4177.9,
4145.91,
4130.17,
4133.36,
4065.33,
4046.09,
4115.15,
4092.96,
4109.23,
4070,
4072.26,
4182.38,
4104.01,
4034.45,
4031.4,
4191.96,
4108.88,
4053.41,
3999.95,
4076.16,
3993.85,
4086.92,
4107.8,
4021.93,
4162.03,
3985.42,
4146.29,
4067.87,
4133.17,
4093.52,
4157.32,
4080.98,
4180.48,
4019.82,
4136.68,
4158.31,
4084.91,
4054.18,
4050.36,
4055.22,
4062.72,
4019.41,
4089.75,
4123.51,
4123.73,
4092.08,
4126.74,
4098.53,
4093.33,
4126.81,
4154.52,
4099.78,
4065.12,
4135.75,
4120.72,
4135.88,
4046.92,
4133.77,
4152.29,
4110.12,
4122.99,
4061.81,
4092.9,
4169.14,
4105.17,
4157.69,
4090.22,
4164.08,
4122.09,
4054.2,
4109.02,
4085.46,
4099.03,
4082.62,
4161.77,
4082.49,
4133.4,
4199.41,
4064.66,
4123.91,
4101.17,
4143.33,
4153.88,
4078.64,
4001.23,
4185.34,
4111.06,
4052.8,
4071.75,
4084.25,
4139.38,
4123.16,
4019.76,
4077.74,
4078.51,
4105.24,
4125.93,
4063.72,
4078.06,
4200.07,
4059.33,
4126.62,
4025.33,
4135.8,
4056.28,
4132.48,
4147.34,
4065.67,
4136.04,
4108.81,
4119.05,
4078.53,
4121.91,
4040.14,
4147.42,
4145.68,
4104.76,
4067.63,
4101.27,
3996.84,
4067.52,
4108.81,
4065.54,
4091.11,
4159.4,
4143.67,
4126.77,
4086.68,
4057.51,
3976.83,
4061.84,
4016.33,
4113.61,
4031.08,
4065.39,
4106.51,
4075.57,
4097.55,
4206.3,
4140.47,
4059.24,
4033.06,
4065.36,
4088.21,
4116.11,
4186.18,
4113.23,
4073.56,
4134.39,
4058.09,
4055.17,
4086.32,
4031.37,
4170.52,
4040.99,
3984.9,
4072.62,
4106.99,
4139.2,
4157.85,
4091.33,
4113.69,
4114.92,
4109.28,
4173.21,
4032.57,
4121.47,
4143.83,
4045.39,
4089.17,
4120.48,
4080.86,
4051.84,
4124.41,
4083.58,
4040.04,
4123.92,
4194.22,
4053.41,
4122.54,
4122.35,
4022.24,
4156.54,
4119.47,
4089.85,
4017.53,
4103.69,
4138.96,
4065.44,
4051.19,
4098.46,
4005.6,
4070.84,
4153.6,
4146.47,
4080.13,
4084.66,
4106.73,
4074.46,
3972.39,
4134.98,
4101.47,
4141.38,
4076.59,
4122.75,
4039.37,
4010.57,
4106.22,
4024.37,
4065.96,
4107.29,
4128.12,
4062.08,
4109.98,
4187.63,
4130.72,
3978.75,
4090.04,
4090.19,
4218.45,
4069.94,
4093.48,
4090.01,
4016.25,
4237.62,
4054.94,
4215.23,
4136.74,
3981.06,
4175.54,
4119.35,
4096.51,
4175.48,
4093.69,
4122.05,
4063.61,
4116.58,
4126.22,
4060.5,
4116.46,
4079.28,
4080.98,
4055.58,
4002.41,
4091.66,
4049.32,
4015.74,
4111.04,
4126.95,
4094.15,
4147.65,
4150.93,
4152.59,
4052.03,
4124.87,
4043.31,
4152.96,
4132.63,
4124.72,
4084.87,
4053.49,
4104.99,
4229.95,
4075.74,
4123.51,
4122.12,
4115.08,
4101.52,
4179.69,
4069.17,
4126.76,
4094.17,
4019.44,
4057.66,
4097.06,
4070.43,
4120.96,
4066.12,
4111.33,
4094.89,
4093.01,
4133.22,
4127.72,
4070,
4007.53,
4131.25,
4121.73,
4087.16,
4062.74,
4080.85,
4099.15,
4052.1,
4047.1,
4101.29,
4151.63,
4127.4,
4192.14,
4101.64,
4132.18,
4096.6,
4119.48,
4156.4,
4045.79,
4073.7,
4053.71,
4030.43,
4022.81,
4102.51,
4111.66,
4045.92,
4139.86,
4105.16,
4131.64,
4137.45,
4108.61,
4073.17,
4172.16,
3997.37,
4095.04,
4159.42,
4152.83,
4055.08,
4113.76,
4042.84,
4123.84,
4122.05,
4126.38,
4079.78,
4110.27,
4069.57,
4072.5,
4022.41,
4159.05,
4093.61,
4028.09,
4120.44,
4137.04,
4049.67,
4105.02,
3962.64,
4214.83,
4041.85,
4147.38,
4183.15,
4073.85,
4192,
4178.06,
4032.16,
4038.35,
4112.9,
3992.43,
4076.58,
4087.3,
4019.89,
4083.61,
4093.33,
4137.74,
4119.55,
4141.82,
4050.33,
4066.23,
4175.95,
4127.87,
4082.61,
4091.37,
4121.23,
4021.56,
4115.18,
4033.65,
4022.93,
4096.61,
4053.53,
4184.74,
4162.28,
4095.85,
4050,
4146.12,
4117.09,
4057.24,
4097.16,
4085,
4187.79,
4170.7,
4100.54,
4085.35,
4097.72,
4062.9,
4071.9,
4146.29,
4052.4,
4032.01,
4167.25,
4082.15,
4047.12,
4076.34,
4103.78,
4099.59,
4047.93,
4023.35,
4074.37,
4086.24,
4129.44,
4222.32,
3981.89,
4071.63,
4148.01,
4218.16,
4101.36,
4184.87,
4144.48,
3929.33,
4101.45,
4124.21,
4050.22,
4079.88,
4143.32,
3996.91,
3968.74,
4123.07,
4141.76,
4042,
4131.43,
4124.85,
4109.24,
4035.74,
4094.4,
4096.64,
4077.39,
4099.75,
4051.09,
4055.76,
4163.43,
4100.99,
4081.66,
4143.31,
4098.23,
4154.7,
4139.69,
4106.75,
4191.89,
4035.56,
4129.95,
4135.07,
4073.74,
4080.96,
4171.85,
4073.07,
4068.56,
4128.3,
4044.17,
4112.8,
4068.51,
4143.15,
4093.88,
4112,
4022.02,
4174.93,
4088.87,
4110.7,
4097.83,
4092.03,
4109.93,
4060.22,
4068.58,
4129.86,
4152.56,
4095.91,
4095.31,
4176.79,
4095.76,
4139.96,
4157.13,
4036.29,
4166.98,
4031.83,
4110.48,
4087.04,
4074.51,
4067.89,
4073.47,
4134.19,
4103.18,
4043.44,
4189.02,
4090.39,
4078.13,
4106.65,
4052.99,
4083.03,
4084.56,
4248.97,
4170.9,
4112.27,
3994.37,
4112.77,
4173.35,
4087.25,
4118.34,
4030.52,
4123.49,
4186.44,
4069.15,
4125.79,
4111.32,
4036.56,
4085.31,
4126.61,
4112.25,
4087.24,
4064.39,
4080.46,
4085.2,
4097.67,
4128.68,
4100.73,
4098,
4149.47,
4151.37,
4051.19,
3978.71,
4136.93,
4167.18,
4131.92,
4127.68,
4088.53,
4113.15,
4139.36,
4120.07,
4008.77,
4103.64,
4105.6,
4112.75,
4098,
4110.65,
4229.03,
4108.68,
4172.01,
4077.95,
4148.7,
4134.78,
4093.1,
4109.41,
4005.62,
4077.34,
4109.3,
4092.6,
4189.34,
4123.11,
4101.54,
4101.74,
4019.36,
4121.78,
4122.04,
4068.22,
4117.76,
4038.17,
4080.83,
4116.46,
4155.13,
4116.18,
4062.37,
4090.38,
4039.2,
4043.99,
4134.81,
4072.03,
4112.26,
4084.44,
4020.92,
4024.1,
4124.42,
4177.56,
4164.08,
4053.26,
4106.96,
4169.23,
4111.59,
4171.32,
4126.53,
4156.99,
4074.28,
4087.86,
4154.33,
4115.29,
4038.79,
4008.95,
4060.06,
3905.7,
4148.06,
4121.88,
4121.47,
4063.2,
4172.23,
4123.09,
4163.36,
4065.28,
4081.89,
4054.69,
4216.88,
4176.51,
4115.67,
4039.87,
4107.28,
4076.4,
4142.75,
4135.13,
4147.5,
4086.54,
4066.96,
4146.67,
4064.79,
4066.94,
4046.58,
4092.28,
4040.33,
4197.1,
4147.29,
4122.59,
4147.61,
4100.85,
4117.43,
4129.72,
4165.5,
4122.02,
4192.15,
4084.23,
4058.7,
4074.43,
4065.47,
4088.68,
4188.89,
4045.39,
4063.51,
4174.22,
4040.41,
4003.64,
4109.97,
4088.07,
4146.77,
4072.28,
4153.4,
4036.99,
4078.4,
4097.95,
4075.29,
4124.24,
4056.83,
4069.55,
4117.93,
4063.51,
4104.78,
4094.79,
4098.66,
4094.05,
4059,
4029.06,
4070.54,
4105.71,
4057.35,
4124.95,
4094.79,
4103.77,
3998.28,
4020,
4052.64,
4051.97,
4055.05,
4083.29,
4075.22,
4057.09,
4129.22,
4113.11,
3958.01,
4230.26,
4052.44,
4079.11,
4174.3,
4177.65,
4103.11,
4128.78,
4109.82,
4105.43,
4131.2,
4251.93,
3983.57,
4149.3,
4155.18,
4126.97,
4092.43,
4137.51,
4087.53,
4104.32,
4090.47,
4148.55,
4004.37,
3975.34,
4130,
4007.94,
4106.69,
4164.02,
4087.41,
4156.32,
4120.38,
4069.51,
3976.72,
4165.11,
4070.89,
4107.25,
4114.48,
4150.31,
4157.78,
4017.7,
4028.35,
4091.5,
4165.6,
4133.54,
4065.66,
4034.47,
4001.62,
4121.06,
4101.35,
4118.17,
3995.34,
4156.88,
4200.17,
4131.93,
4168.04,
4076.39,
4131.59,
4063.12,
4081.08,
4136.29,
4122.68,
4043.47,
4166.91,
4167.81,
4175.45,
4115.85,
4191.22,
4115.91,
4061.85,
4062.8,
4147.26,
4005.06,
4160.26,
4076.12,
4183.52,
4061.33,
4112.35,
4030.37,
4084.1,
4134.36,
4063.25,
4196.08,
4091.81,
4132.44,
4159.36,
4043.86,
4108.64,
4159.77,
4115.85,
4042.28,
4093.78,
4116.84,
4112.96,
4014.96,
4023.08,
4127.55,
4129.07,
4072.72,
4113.19,
4130.77,
4156.79,
4059.73,
4116.44,
4067.45,
4051.05,
4058.96,
4025.19,
4079.47,
4085.97,
4015.12,
4042.89,
4026.34,
4048.84,
4076.5,
4072.71,
4023.7,
4151.59,
4016.85,
4171.81,
4065.72,
4095.6,
4056.95,
4130.43,
4110.99,
